﻿{"cameraMode":{"drawMode":0,"name":"Shaded","section":"Shading Mode"},"sceneLighting":true,"audioPlay":false,"sceneViewState":{"showFog":true,"showMaterialUpdate":false,"showSkybox":true,"showFlares":true,"showImageEffects":true,"showParticleSystems":true},"in2DMode":false,"pivot":{"x":14.619999885559082,"y":9.949999809265137,"z":-0.20000000298023225},"rotation":{"x":-0.04817570000886917,"y":0.8226593732833862,"z":-0.07050930708646774,"w":-0.5620846152305603},"size":5.474522113800049,"orthographic":false}